dataset,split_name,position,img_id,img_name
visdrone,visdrone_revision_image_lockbox_cal,0,0,0000001_02999_d_0000005.jpg
visdrone,visdrone_revision_image_lockbox_cal,1,1,0000001_03499_d_0000006.jpg
visdrone,visdrone_revision_image_lockbox_cal,2,3,0000001_04527_d_0000008.jpg
visdrone,visdrone_revision_image_lockbox_cal,3,4,0000001_05249_d_0000009.jpg
visdrone,visdrone_revision_image_lockbox_cal,4,7,0000001_07999_d_0000012.jpg
visdrone,visdrone_revision_image_lockbox_cal,5,8,0000001_08414_d_0000013.jpg
visdrone,visdrone_revision_image_lockbox_cal,6,9,0000021_00000_d_0000001.jpg
visdrone,visdrone_revision_image_lockbox_cal,7,10,0000021_00500_d_0000002.jpg
visdrone,visdrone_revision_image_lockbox_cal,8,11,0000021_00800_d_0000003.jpg
visdrone,visdrone_revision_image_lockbox_cal,9,12,0000022_00000_d_0000004.jpg
visdrone,visdrone_revision_image_lockbox_cal,10,13,0000022_00500_d_0000005.jpg
visdrone,visdrone_revision_image_lockbox_cal,11,14,0000022_01036_d_0000006.jpg
visdrone,visdrone_revision_image_lockbox_cal,12,15,0000022_01251_d_0000007.jpg
visdrone,visdrone_revision_image_lockbox_cal,13,16,0000023_00000_d_0000008.jpg
visdrone,visdrone_revision_image_lockbox_cal,14,17,0000023_00300_d_0000009.jpg
visdrone,visdrone_revision_image_lockbox_cal,15,18,0000023_00868_d_0000010.jpg
visdrone,visdrone_revision_image_lockbox_cal,16,19,0000023_01233_d_0000011.jpg
visdrone,visdrone_revision_image_lockbox_cal,17,23,0000024_01543_d_0000015.jpg
visdrone,visdrone_revision_image_lockbox_cal,18,24,0000026_00000_d_0000024.jpg
visdrone,visdrone_revision_image_lockbox_cal,19,25,0000026_00500_d_0000025.jpg
visdrone,visdrone_revision_image_lockbox_cal,20,26,0000026_01000_d_0000026.jpg
visdrone,visdrone_revision_image_lockbox_cal,21,27,0000026_01500_d_0000027.jpg
visdrone,visdrone_revision_image_lockbox_cal,22,28,0000026_02000_d_0000028.jpg
visdrone,visdrone_revision_image_lockbox_cal,23,29,0000026_02500_d_0000029.jpg
visdrone,visdrone_revision_image_lockbox_cal,24,30,0000026_03000_d_0000030.jpg
visdrone,visdrone_revision_image_lockbox_cal,25,31,0000026_03500_d_0000031.jpg
visdrone,visdrone_revision_image_lockbox_cal,26,33,0000026_04500_d_0000033.jpg
visdrone,visdrone_revision_image_lockbox_cal,27,34,0000026_04978_d_0000034.jpg
visdrone,visdrone_revision_image_lockbox_cal,28,35,0000055_00000_d_0000109.jpg
visdrone,visdrone_revision_image_lockbox_cal,29,39,0000069_00713_d_0000003.jpg
visdrone,visdrone_revision_image_lockbox_cal,30,40,0000069_01109_d_0000004.jpg
visdrone,visdrone_revision_image_lockbox_cal,31,41,0000069_01878_d_0000005.jpg
visdrone,visdrone_revision_image_lockbox_cal,32,42,0000069_02163_d_0000006.jpg
visdrone,visdrone_revision_image_lockbox_cal,33,44,0000072_02834_d_0000003.jpg
visdrone,visdrone_revision_image_lockbox_cal,34,47,0000086_00000_d_0000001.jpg
visdrone,visdrone_revision_image_lockbox_cal,35,48,0000086_00592_d_0000002.jpg
visdrone,visdrone_revision_image_lockbox_cal,36,50,0000086_01443_d_0000004.jpg
visdrone,visdrone_revision_image_lockbox_cal,37,51,0000086_01954_d_0000005.jpg
visdrone,visdrone_revision_image_lockbox_cal,38,52,0000103_00180_d_0000026.jpg
visdrone,visdrone_revision_image_lockbox_cal,39,53,0000103_00502_d_0000027.jpg
visdrone,visdrone_revision_image_lockbox_cal,40,55,0000103_02544_d_0000029.jpg
visdrone,visdrone_revision_image_lockbox_cal,41,56,0000103_02964_d_0000030.jpg
visdrone,visdrone_revision_image_lockbox_cal,42,57,0000103_03349_d_0000031.jpg
visdrone,visdrone_revision_image_lockbox_cal,43,59,0000103_04122_d_0000033.jpg
visdrone,visdrone_revision_image_lockbox_cal,44,60,0000103_04513_d_0000034.jpg
visdrone,visdrone_revision_image_lockbox_cal,45,61,0000103_04948_d_0000035.jpg
visdrone,visdrone_revision_image_lockbox_cal,46,62,0000115_00315_d_0000080.jpg
visdrone,visdrone_revision_image_lockbox_cal,47,63,0000115_00796_d_0000081.jpg
visdrone,visdrone_revision_image_lockbox_cal,48,66,0000116_00819_d_0000084.jpg
visdrone,visdrone_revision_image_lockbox_cal,49,67,0000116_01059_d_0000085.jpg
visdrone,visdrone_revision_image_lockbox_cal,50,68,0000116_01338_d_0000086.jpg
visdrone,visdrone_revision_image_lockbox_cal,51,69,0000117_00112_d_0000087.jpg
visdrone,visdrone_revision_image_lockbox_cal,52,71,0000117_01731_d_0000089.jpg
visdrone,visdrone_revision_image_lockbox_cal,53,74,0000129_02411_d_0000138.jpg
visdrone,visdrone_revision_image_lockbox_cal,54,76,0000153_00401_d_0000001.jpg
visdrone,visdrone_revision_image_lockbox_cal,55,77,0000153_00801_d_0000001.jpg
visdrone,visdrone_revision_image_lockbox_cal,56,78,0000153_01201_d_0000001.jpg
visdrone,visdrone_revision_image_lockbox_cal,57,79,0000153_01601_d_0000001.jpg
visdrone,visdrone_revision_image_lockbox_cal,58,80,0000153_01801_d_0000001.jpg
visdrone,visdrone_revision_image_lockbox_cal,59,81,0000154_00001_d_0000001.jpg
visdrone,visdrone_revision_image_lockbox_cal,60,83,0000154_00801_d_0000001.jpg
visdrone,visdrone_revision_image_lockbox_cal,61,84,0000154_01201_d_0000001.jpg
visdrone,visdrone_revision_image_lockbox_cal,62,85,0000154_01601_d_0000001.jpg
visdrone,visdrone_revision_image_lockbox_cal,63,86,0000154_02001_d_0000001.jpg
visdrone,visdrone_revision_image_lockbox_cal,64,87,0000155_00001_d_0000001.jpg
visdrone,visdrone_revision_image_lockbox_cal,65,88,0000155_00401_d_0000001.jpg
visdrone,visdrone_revision_image_lockbox_cal,66,89,0000155_00801_d_0000001.jpg
visdrone,visdrone_revision_image_lockbox_cal,67,90,0000155_01201_d_0000001.jpg
visdrone,visdrone_revision_image_lockbox_cal,68,91,0000155_01601_d_0000001.jpg
visdrone,visdrone_revision_image_lockbox_cal,69,92,0000155_01871_d_0000001.jpg
visdrone,visdrone_revision_image_lockbox_cal,70,93,0000162_00001_d_0000001.jpg
visdrone,visdrone_revision_image_lockbox_cal,71,95,0000162_00801_d_0000001.jpg
visdrone,visdrone_revision_image_lockbox_cal,72,96,0000162_01058_d_0000001.jpg
visdrone,visdrone_revision_image_lockbox_cal,73,98,0000163_00359_d_0000001.jpg
visdrone,visdrone_revision_image_lockbox_cal,74,99,0000165_04325_d_0000105.jpg
visdrone,visdrone_revision_image_lockbox_cal,75,100,0000166_00558_d_0000118.jpg
visdrone,visdrone_revision_image_lockbox_cal,76,101,0000193_00000_d_0000103.jpg
visdrone,visdrone_revision_image_lockbox_cal,77,102,0000193_01497_d_0000111.jpg
visdrone,visdrone_revision_image_lockbox_cal,78,103,0000193_01705_d_0000112.jpg
visdrone,visdrone_revision_image_lockbox_cal,79,104,0000193_01876_d_0000113.jpg
visdrone,visdrone_revision_image_lockbox_cal,80,105,0000193_02029_d_0000114.jpg
visdrone,visdrone_revision_image_lockbox_cal,81,106,0000193_02212_d_0000115.jpg
visdrone,visdrone_revision_image_lockbox_cal,82,107,0000193_02416_d_0000116.jpg
visdrone,visdrone_revision_image_lockbox_cal,83,108,0000193_02606_d_0000117.jpg
visdrone,visdrone_revision_image_lockbox_cal,84,109,0000193_02725_d_0000118.jpg
visdrone,visdrone_revision_image_lockbox_cal,85,111,0000194_00200_d_0000120.jpg
visdrone,visdrone_revision_image_lockbox_cal,86,112,0000194_00399_d_0000121.jpg
visdrone,visdrone_revision_image_lockbox_cal,87,113,0000194_00625_d_0000122.jpg
visdrone,visdrone_revision_image_lockbox_cal,88,115,0000194_00998_d_0000124.jpg
visdrone,visdrone_revision_image_lockbox_cal,89,116,0000194_01192_d_0000125.jpg
visdrone,visdrone_revision_image_lockbox_cal,90,117,0000196_04512_d_0000144.jpg
visdrone,visdrone_revision_image_lockbox_cal,91,118,0000199_01269_d_0000166.jpg
visdrone,visdrone_revision_image_lockbox_cal,92,119,0000213_02500_d_0000240.jpg
visdrone,visdrone_revision_image_lockbox_cal,93,120,0000213_02965_d_0000241.jpg
visdrone,visdrone_revision_image_lockbox_cal,94,121,0000213_03478_d_0000242.jpg
visdrone,visdrone_revision_image_lockbox_cal,95,122,0000213_03920_d_0000243.jpg
visdrone,visdrone_revision_image_lockbox_cal,96,124,0000213_04998_d_0000245.jpg
visdrone,visdrone_revision_image_lockbox_cal,97,125,0000213_05340_d_0000246.jpg
visdrone,visdrone_revision_image_lockbox_cal,98,126,0000213_05745_d_0000247.jpg
visdrone,visdrone_revision_image_lockbox_cal,99,127,0000215_00000_d_0000256.jpg
visdrone,visdrone_revision_image_lockbox_cal,100,128,0000215_00447_d_0000257.jpg
visdrone,visdrone_revision_image_lockbox_cal,101,129,0000215_00909_d_0000258.jpg
visdrone,visdrone_revision_image_lockbox_cal,102,130,0000215_01395_d_0000259.jpg
visdrone,visdrone_revision_image_lockbox_cal,103,131,0000215_01869_d_0000260.jpg
visdrone,visdrone_revision_image_lockbox_cal,104,132,0000215_02319_d_0000261.jpg
visdrone,visdrone_revision_image_lockbox_cal,105,133,0000215_02667_d_0000262.jpg
visdrone,visdrone_revision_image_lockbox_cal,106,135,0000215_03226_d_0000264.jpg
visdrone,visdrone_revision_image_lockbox_cal,107,136,0000216_00520_d_0000001.jpg
visdrone,visdrone_revision_image_lockbox_cal,108,138,0000223_01802_d_0000005.jpg
visdrone,visdrone_revision_image_lockbox_cal,109,139,0000237_00001_d_0000001.jpg
visdrone,visdrone_revision_image_lockbox_cal,110,140,0000242_00001_d_0000001.jpg
visdrone,visdrone_revision_image_lockbox_cal,111,141,0000242_00500_d_0000002.jpg
visdrone,visdrone_revision_image_lockbox_cal,112,142,0000242_00627_d_0000003.jpg
visdrone,visdrone_revision_image_lockbox_cal,113,143,0000242_00843_d_0000004.jpg
visdrone,visdrone_revision_image_lockbox_cal,114,144,0000242_00963_d_0000005.jpg
visdrone,visdrone_revision_image_lockbox_cal,115,145,0000242_01139_d_0000006.jpg
visdrone,visdrone_revision_image_lockbox_cal,116,148,0000242_02400_d_0000009.jpg
visdrone,visdrone_revision_image_lockbox_cal,117,150,0000242_03199_d_0000011.jpg
visdrone,visdrone_revision_image_lockbox_cal,118,152,0000242_04116_d_0000013.jpg
visdrone,visdrone_revision_image_lockbox_cal,119,157,0000242_06452_d_0000018.jpg
visdrone,visdrone_revision_image_lockbox_cal,120,158,0000244_00001_d_0000001.jpg
visdrone,visdrone_revision_image_lockbox_cal,121,159,0000244_00500_d_0000002.jpg
visdrone,visdrone_revision_image_lockbox_cal,122,160,0000244_01000_d_0000003.jpg
visdrone,visdrone_revision_image_lockbox_cal,123,161,0000244_01500_d_0000004.jpg
visdrone,visdrone_revision_image_lockbox_cal,124,163,0000244_02500_d_0000006.jpg
visdrone,visdrone_revision_image_lockbox_cal,125,165,0000244_03500_d_0000008.jpg
visdrone,visdrone_revision_image_lockbox_cal,126,166,0000244_04000_d_0000009.jpg
visdrone,visdrone_revision_image_lockbox_cal,127,167,0000244_04400_d_0000010.jpg
visdrone,visdrone_revision_image_lockbox_cal,128,169,0000244_05400_d_0000012.jpg
visdrone,visdrone_revision_image_lockbox_cal,129,171,0000244_06388_d_0000014.jpg
visdrone,visdrone_revision_image_lockbox_cal,130,172,0000249_00001_d_0000001.jpg
visdrone,visdrone_revision_image_lockbox_cal,131,175,0000249_01100_d_0000004.jpg
visdrone,visdrone_revision_image_lockbox_cal,132,177,0000249_01635_d_0000006.jpg
visdrone,visdrone_revision_image_lockbox_cal,133,178,0000249_02073_d_0000007.jpg
visdrone,visdrone_revision_image_lockbox_cal,134,179,0000249_02468_d_0000008.jpg
visdrone,visdrone_revision_image_lockbox_cal,135,180,0000249_02900_d_0000009.jpg
visdrone,visdrone_revision_image_lockbox_cal,136,181,0000249_03400_d_0000010.jpg
visdrone,visdrone_revision_image_lockbox_cal,137,182,0000249_03900_d_0000011.jpg
visdrone,visdrone_revision_image_lockbox_cal,138,185,0000256_02173_d_0000030.jpg
visdrone,visdrone_revision_image_lockbox_cal,139,186,0000263_02401_d_0000179.jpg
visdrone,visdrone_revision_image_lockbox_cal,140,187,0000269_00001_d_0000348.jpg
visdrone,visdrone_revision_image_lockbox_cal,141,188,0000269_00201_d_0000349.jpg
visdrone,visdrone_revision_image_lockbox_cal,142,191,0000271_00201_d_0000375.jpg
visdrone,visdrone_revision_image_lockbox_cal,143,192,0000271_00401_d_0000376.jpg
visdrone,visdrone_revision_image_lockbox_cal,144,193,0000271_00601_d_0000377.jpg
visdrone,visdrone_revision_image_lockbox_cal,145,194,0000271_00801_d_0000378.jpg
visdrone,visdrone_revision_image_lockbox_cal,146,200,0000271_03001_d_0000387.jpg
visdrone,visdrone_revision_image_lockbox_cal,147,201,0000271_03801_d_0000391.jpg
visdrone,visdrone_revision_image_lockbox_cal,148,202,0000271_04401_d_0000394.jpg
visdrone,visdrone_revision_image_lockbox_cal,149,204,0000271_05001_d_0000397.jpg
visdrone,visdrone_revision_image_lockbox_cal,150,205,0000271_05201_d_0000398.jpg
visdrone,visdrone_revision_image_lockbox_cal,151,206,0000271_05401_d_0000399.jpg
visdrone,visdrone_revision_image_lockbox_cal,152,209,0000271_06001_d_0000402.jpg
visdrone,visdrone_revision_image_lockbox_cal,153,210,0000271_06201_d_0000403.jpg
visdrone,visdrone_revision_image_lockbox_cal,154,211,0000271_06401_d_0000404.jpg
visdrone,visdrone_revision_image_lockbox_cal,155,213,0000271_06801_d_0000406.jpg
visdrone,visdrone_revision_image_lockbox_cal,156,214,0000271_07001_d_0000407.jpg
visdrone,visdrone_revision_image_lockbox_cal,157,215,0000271_07201_d_0000408.jpg
visdrone,visdrone_revision_image_lockbox_cal,158,216,0000271_07401_d_0000409.jpg
visdrone,visdrone_revision_image_lockbox_cal,159,219,0000276_00401_d_0000509.jpg
visdrone,visdrone_revision_image_lockbox_cal,160,220,0000276_00601_d_0000510.jpg
visdrone,visdrone_revision_image_lockbox_cal,161,221,0000276_01001_d_0000512.jpg
visdrone,visdrone_revision_image_lockbox_cal,162,222,0000276_01201_d_0000513.jpg
visdrone,visdrone_revision_image_lockbox_cal,163,223,0000276_01401_d_0000514.jpg
visdrone,visdrone_revision_image_lockbox_cal,164,224,0000276_01801_d_0000516.jpg
visdrone,visdrone_revision_image_lockbox_cal,165,225,0000276_02001_d_0000517.jpg
visdrone,visdrone_revision_image_lockbox_cal,166,227,0000276_02401_d_0000519.jpg
visdrone,visdrone_revision_image_lockbox_cal,167,228,0000276_02601_d_0000520.jpg
visdrone,visdrone_revision_image_lockbox_cal,168,229,0000276_02801_d_0000521.jpg
visdrone,visdrone_revision_image_lockbox_cal,169,230,0000276_03001_d_0000522.jpg
visdrone,visdrone_revision_image_lockbox_cal,170,231,0000276_03201_d_0000523.jpg
visdrone,visdrone_revision_image_lockbox_cal,171,232,0000276_03401_d_0000524.jpg
visdrone,visdrone_revision_image_lockbox_cal,172,235,0000276_04001_d_0000527.jpg
visdrone,visdrone_revision_image_lockbox_cal,173,236,0000276_04201_d_0000528.jpg
visdrone,visdrone_revision_image_lockbox_cal,174,237,0000276_04401_d_0000529.jpg
visdrone,visdrone_revision_image_lockbox_cal,175,238,0000276_04601_d_0000530.jpg
visdrone,visdrone_revision_image_lockbox_cal,176,239,0000276_04801_d_0000531.jpg
visdrone,visdrone_revision_image_lockbox_cal,177,240,0000276_05001_d_0000532.jpg
visdrone,visdrone_revision_image_lockbox_cal,178,241,0000276_05201_d_0000533.jpg
visdrone,visdrone_revision_image_lockbox_cal,179,242,0000276_05601_d_0000535.jpg
visdrone,visdrone_revision_image_lockbox_cal,180,243,0000276_05801_d_0000536.jpg
visdrone,visdrone_revision_image_lockbox_cal,181,244,0000276_06001_d_0000537.jpg
visdrone,visdrone_revision_image_lockbox_cal,182,245,0000277_00001_d_0000539.jpg
visdrone,visdrone_revision_image_lockbox_cal,183,246,0000277_00201_d_0000540.jpg
visdrone,visdrone_revision_image_lockbox_cal,184,247,0000277_00401_d_0000541.jpg
visdrone,visdrone_revision_image_lockbox_cal,185,248,0000277_01401_d_0000546.jpg
visdrone,visdrone_revision_image_lockbox_cal,186,251,0000277_02001_d_0000549.jpg
visdrone,visdrone_revision_image_lockbox_cal,187,252,0000277_02201_d_0000550.jpg
visdrone,visdrone_revision_image_lockbox_cal,188,253,0000277_02401_d_0000551.jpg
visdrone,visdrone_revision_image_lockbox_cal,189,255,0000277_03201_d_0000554.jpg
visdrone,visdrone_revision_image_lockbox_cal,190,256,0000277_03401_d_0000555.jpg
visdrone,visdrone_revision_image_lockbox_cal,191,257,0000277_03601_d_0000556.jpg
visdrone,visdrone_revision_image_lockbox_cal,192,258,0000277_04001_d_0000558.jpg
visdrone,visdrone_revision_image_lockbox_cal,193,259,0000277_04201_d_0000559.jpg
visdrone,visdrone_revision_image_lockbox_cal,194,260,0000277_04401_d_0000560.jpg
visdrone,visdrone_revision_image_lockbox_cal,195,261,0000277_04601_d_0000561.jpg
visdrone,visdrone_revision_image_lockbox_cal,196,262,0000277_05001_d_0000562.jpg
visdrone,visdrone_revision_image_lockbox_cal,197,264,0000280_00201_d_0000613.jpg
visdrone,visdrone_revision_image_lockbox_cal,198,265,0000280_00401_d_0000614.jpg
visdrone,visdrone_revision_image_lockbox_cal,199,268,0000280_01001_d_0000617.jpg
visdrone,visdrone_revision_image_lockbox_cal,200,269,0000280_01201_d_0000618.jpg
visdrone,visdrone_revision_image_lockbox_cal,201,270,0000280_01401_d_0000619.jpg
visdrone,visdrone_revision_image_lockbox_cal,202,271,0000280_01601_d_0000620.jpg
visdrone,visdrone_revision_image_lockbox_cal,203,272,0000280_01801_d_0000621.jpg
visdrone,visdrone_revision_image_lockbox_cal,204,274,0000280_02201_d_0000623.jpg
visdrone,visdrone_revision_image_lockbox_cal,205,275,0000280_02401_d_0000624.jpg
visdrone,visdrone_revision_image_lockbox_cal,206,277,0000280_02801_d_0000626.jpg
visdrone,visdrone_revision_image_lockbox_cal,207,279,0000280_03201_d_0000628.jpg
visdrone,visdrone_revision_image_lockbox_cal,208,280,0000280_03401_d_0000629.jpg
visdrone,visdrone_revision_image_lockbox_cal,209,281,0000283_00401_d_0000676.jpg
visdrone,visdrone_revision_image_lockbox_cal,210,282,0000283_00601_d_0000677.jpg
visdrone,visdrone_revision_image_lockbox_cal,211,283,0000283_00801_d_0000678.jpg
visdrone,visdrone_revision_image_lockbox_cal,212,284,0000283_01001_d_0000679.jpg
visdrone,visdrone_revision_image_lockbox_cal,213,285,0000287_00001_d_0000759.jpg
visdrone,visdrone_revision_image_lockbox_cal,214,286,0000287_00201_d_0000760.jpg
visdrone,visdrone_revision_image_lockbox_cal,215,287,0000287_00401_d_0000761.jpg
visdrone,visdrone_revision_image_lockbox_cal,216,288,0000287_00601_d_0000762.jpg
visdrone,visdrone_revision_image_lockbox_cal,217,289,0000287_00801_d_0000763.jpg
visdrone,visdrone_revision_image_lockbox_cal,218,291,0000287_01201_d_0000765.jpg
visdrone,visdrone_revision_image_lockbox_cal,219,292,0000287_01401_d_0000766.jpg
visdrone,visdrone_revision_image_lockbox_cal,220,293,0000287_01601_d_0000767.jpg
visdrone,visdrone_revision_image_lockbox_cal,221,295,0000287_02001_d_0000769.jpg
visdrone,visdrone_revision_image_lockbox_cal,222,296,0000287_02201_d_0000770.jpg
visdrone,visdrone_revision_image_lockbox_cal,223,299,0000287_02801_d_0000773.jpg
visdrone,visdrone_revision_image_lockbox_cal,224,300,0000287_03001_d_0000774.jpg
visdrone,visdrone_revision_image_lockbox_cal,225,302,0000287_04601_d_0000780.jpg
visdrone,visdrone_revision_image_lockbox_cal,226,303,0000287_04801_d_0000781.jpg
visdrone,visdrone_revision_image_lockbox_cal,227,304,0000287_05001_d_0000782.jpg
visdrone,visdrone_revision_image_lockbox_cal,228,306,0000289_00201_d_0000812.jpg
visdrone,visdrone_revision_image_lockbox_cal,229,307,0000289_00401_d_0000813.jpg
visdrone,visdrone_revision_image_lockbox_cal,230,308,0000289_00601_d_0000814.jpg
visdrone,visdrone_revision_image_lockbox_cal,231,309,0000289_00801_d_0000815.jpg
visdrone,visdrone_revision_image_lockbox_cal,232,311,0000289_01201_d_0000817.jpg
visdrone,visdrone_revision_image_lockbox_cal,233,312,0000289_01401_d_0000818.jpg
visdrone,visdrone_revision_image_lockbox_cal,234,313,0000289_01601_d_0000819.jpg
visdrone,visdrone_revision_image_lockbox_cal,235,314,0000289_02001_d_0000821.jpg
visdrone,visdrone_revision_image_lockbox_cal,236,315,0000289_02201_d_0000822.jpg
visdrone,visdrone_revision_image_lockbox_cal,237,316,0000289_02401_d_0000823.jpg
visdrone,visdrone_revision_image_lockbox_cal,238,317,0000289_02601_d_0000824.jpg
visdrone,visdrone_revision_image_lockbox_cal,239,319,0000289_03201_d_0000827.jpg
visdrone,visdrone_revision_image_lockbox_cal,240,320,0000289_03401_d_0000828.jpg
visdrone,visdrone_revision_image_lockbox_cal,241,321,0000289_03601_d_0000829.jpg
visdrone,visdrone_revision_image_lockbox_cal,242,322,0000289_03801_d_0000830.jpg
visdrone,visdrone_revision_image_lockbox_cal,243,323,0000289_04001_d_0000831.jpg
visdrone,visdrone_revision_image_lockbox_cal,244,324,0000289_04201_d_0000832.jpg
visdrone,visdrone_revision_image_lockbox_cal,245,325,0000289_04401_d_0000833.jpg
visdrone,visdrone_revision_image_lockbox_cal,246,328,0000289_05001_d_0000836.jpg
visdrone,visdrone_revision_image_lockbox_cal,247,329,0000289_05201_d_0000837.jpg
visdrone,visdrone_revision_image_lockbox_cal,248,330,0000289_05401_d_0000838.jpg
visdrone,visdrone_revision_image_lockbox_cal,249,331,0000289_05601_d_0000839.jpg
visdrone,visdrone_revision_image_lockbox_cal,250,332,0000289_05801_d_0000840.jpg
visdrone,visdrone_revision_image_lockbox_cal,251,333,0000289_06001_d_0000841.jpg
visdrone,visdrone_revision_image_lockbox_cal,252,336,0000289_06601_d_0000844.jpg
visdrone,visdrone_revision_image_lockbox_cal,253,339,0000289_07201_d_0000847.jpg
visdrone,visdrone_revision_image_lockbox_cal,254,341,0000291_00001_d_0000868.jpg
visdrone,visdrone_revision_image_lockbox_cal,255,342,0000291_00201_d_0000869.jpg
visdrone,visdrone_revision_image_lockbox_cal,256,343,0000291_00401_d_0000870.jpg
visdrone,visdrone_revision_image_lockbox_cal,257,345,0000291_01001_d_0000873.jpg
visdrone,visdrone_revision_image_lockbox_cal,258,346,0000291_01201_d_0000874.jpg
visdrone,visdrone_revision_image_lockbox_cal,259,351,0000291_02201_d_0000879.jpg
visdrone,visdrone_revision_image_lockbox_cal,260,352,0000291_02601_d_0000881.jpg
visdrone,visdrone_revision_image_lockbox_cal,261,353,0000291_03201_d_0000884.jpg
visdrone,visdrone_revision_image_lockbox_cal,262,354,0000291_03401_d_0000885.jpg
visdrone,visdrone_revision_image_lockbox_cal,263,356,0000291_03801_d_0000887.jpg
visdrone,visdrone_revision_image_lockbox_cal,264,357,0000291_04001_d_0000888.jpg
visdrone,visdrone_revision_image_lockbox_cal,265,358,0000291_04201_d_0000889.jpg
visdrone,visdrone_revision_image_lockbox_cal,266,359,0000291_04401_d_0000890.jpg
visdrone,visdrone_revision_image_lockbox_cal,267,360,0000291_05001_d_0000892.jpg
visdrone,visdrone_revision_image_lockbox_cal,268,362,0000293_03601_d_0000940.jpg
visdrone,visdrone_revision_image_lockbox_cal,269,363,0000295_00000_d_0000021.jpg
visdrone,visdrone_revision_image_lockbox_cal,270,364,0000295_00200_d_0000022.jpg
visdrone,visdrone_revision_image_lockbox_cal,271,367,0000295_01000_d_0000026.jpg
visdrone,visdrone_revision_image_lockbox_cal,272,368,0000295_01200_d_0000027.jpg
visdrone,visdrone_revision_image_lockbox_cal,273,369,0000295_01400_d_0000028.jpg
visdrone,visdrone_revision_image_lockbox_cal,274,370,0000295_01600_d_0000029.jpg
visdrone,visdrone_revision_image_lockbox_cal,275,372,0000295_02000_d_0000031.jpg
visdrone,visdrone_revision_image_lockbox_cal,276,373,0000295_02200_d_0000032.jpg
visdrone,visdrone_revision_image_lockbox_cal,277,374,0000295_02400_d_0000033.jpg
visdrone,visdrone_revision_image_lockbox_cal,278,376,0000296_00601_d_0000038.jpg
visdrone,visdrone_revision_image_lockbox_cal,279,377,0000296_01001_d_0000040.jpg
visdrone,visdrone_revision_image_lockbox_cal,280,378,0000300_03201_d_0000154.jpg
visdrone,visdrone_revision_image_lockbox_cal,281,379,0000301_00001_d_0000156.jpg
visdrone,visdrone_revision_image_lockbox_cal,282,381,0000301_01001_d_0000161.jpg
visdrone,visdrone_revision_image_lockbox_cal,283,383,0000303_03401_d_0000200.jpg
visdrone,visdrone_revision_image_lockbox_cal,284,384,0000308_04401_d_0000327.jpg
visdrone,visdrone_revision_image_lockbox_cal,285,385,0000312_00001_d_0000414.jpg
visdrone,visdrone_revision_image_lockbox_cal,286,386,0000312_00201_d_0000415.jpg
visdrone,visdrone_revision_image_lockbox_cal,287,387,0000312_00601_d_0000417.jpg
visdrone,visdrone_revision_image_lockbox_cal,288,388,0000312_01001_d_0000419.jpg
visdrone,visdrone_revision_image_lockbox_cal,289,389,0000312_01201_d_0000420.jpg
visdrone,visdrone_revision_image_lockbox_cal,290,391,0000312_02401_d_0000426.jpg
visdrone,visdrone_revision_image_lockbox_cal,291,392,0000312_04201_d_0000435.jpg
visdrone,visdrone_revision_image_lockbox_cal,292,393,0000313_06401_d_0000468.jpg
visdrone,visdrone_revision_image_lockbox_cal,293,394,0000313_06601_d_0000469.jpg
visdrone,visdrone_revision_image_lockbox_cal,294,395,0000313_07001_d_0000471.jpg
visdrone,visdrone_revision_image_lockbox_cal,295,397,0000316_00001_d_0000519.jpg
visdrone,visdrone_revision_image_lockbox_cal,296,399,0000316_00401_d_0000521.jpg
visdrone,visdrone_revision_image_lockbox_cal,297,400,0000316_00601_d_0000522.jpg
visdrone,visdrone_revision_image_lockbox_cal,298,402,0000316_01001_d_0000524.jpg
visdrone,visdrone_revision_image_lockbox_cal,299,403,0000316_01201_d_0000525.jpg
visdrone,visdrone_revision_image_lockbox_cal,300,404,0000316_01401_d_0000526.jpg
visdrone,visdrone_revision_image_lockbox_cal,301,406,0000316_01801_d_0000528.jpg
visdrone,visdrone_revision_image_lockbox_cal,302,407,0000316_02001_d_0000529.jpg
visdrone,visdrone_revision_image_lockbox_cal,303,408,0000316_02201_d_0000530.jpg
visdrone,visdrone_revision_image_lockbox_cal,304,409,0000323_02601_d_0000645.jpg
visdrone,visdrone_revision_image_lockbox_cal,305,410,0000327_00001_d_0000711.jpg
visdrone,visdrone_revision_image_lockbox_cal,306,411,0000327_00201_d_0000712.jpg
visdrone,visdrone_revision_image_lockbox_cal,307,412,0000327_00401_d_0000713.jpg
visdrone,visdrone_revision_image_lockbox_cal,308,413,0000327_00601_d_0000714.jpg
visdrone,visdrone_revision_image_lockbox_cal,309,414,0000327_00801_d_0000715.jpg
visdrone,visdrone_revision_image_lockbox_cal,310,415,0000327_01001_d_0000716.jpg
visdrone,visdrone_revision_image_lockbox_cal,311,416,0000327_01201_d_0000717.jpg
visdrone,visdrone_revision_image_lockbox_cal,312,417,0000327_01401_d_0000718.jpg
visdrone,visdrone_revision_image_lockbox_cal,313,419,0000327_02601_d_0000724.jpg
visdrone,visdrone_revision_image_lockbox_cal,314,420,0000327_02801_d_0000725.jpg
visdrone,visdrone_revision_image_lockbox_cal,315,421,0000327_03001_d_0000726.jpg
visdrone,visdrone_revision_image_lockbox_cal,316,422,0000327_03201_d_0000727.jpg
visdrone,visdrone_revision_image_lockbox_cal,317,423,0000327_03401_d_0000728.jpg
visdrone,visdrone_revision_image_lockbox_cal,318,424,0000327_03601_d_0000729.jpg
visdrone,visdrone_revision_image_lockbox_cal,319,426,0000327_04001_d_0000731.jpg
visdrone,visdrone_revision_image_lockbox_cal,320,427,0000327_04201_d_0000732.jpg
visdrone,visdrone_revision_image_lockbox_cal,321,429,0000330_00201_d_0000801.jpg
visdrone,visdrone_revision_image_lockbox_cal,322,430,0000330_00401_d_0000802.jpg
visdrone,visdrone_revision_image_lockbox_cal,323,431,0000330_00601_d_0000803.jpg
visdrone,visdrone_revision_image_lockbox_cal,324,432,0000330_00801_d_0000804.jpg
visdrone,visdrone_revision_image_lockbox_cal,325,433,0000330_01001_d_0000805.jpg
visdrone,visdrone_revision_image_lockbox_cal,326,434,0000330_01201_d_0000806.jpg
visdrone,visdrone_revision_image_lockbox_cal,327,435,0000330_01401_d_0000807.jpg
visdrone,visdrone_revision_image_lockbox_cal,328,436,0000330_01601_d_0000808.jpg
visdrone,visdrone_revision_image_lockbox_cal,329,438,0000330_02001_d_0000810.jpg
visdrone,visdrone_revision_image_lockbox_cal,330,439,0000330_02201_d_0000811.jpg
visdrone,visdrone_revision_image_lockbox_cal,331,442,0000330_03201_d_0000816.jpg
visdrone,visdrone_revision_image_lockbox_cal,332,443,0000330_04001_d_0000820.jpg
visdrone,visdrone_revision_image_lockbox_cal,333,446,0000330_04601_d_0000823.jpg
visdrone,visdrone_revision_image_lockbox_cal,334,447,0000333_00001_d_0000001.jpg
visdrone,visdrone_revision_image_lockbox_cal,335,448,0000333_01765_d_0000010.jpg
visdrone,visdrone_revision_image_lockbox_cal,336,450,0000333_02157_d_0000012.jpg
visdrone,visdrone_revision_image_lockbox_cal,337,452,0000333_02549_d_0000014.jpg
visdrone,visdrone_revision_image_lockbox_cal,338,453,0000333_02745_d_0000015.jpg
visdrone,visdrone_revision_image_lockbox_cal,339,454,0000333_02941_d_0000016.jpg
visdrone,visdrone_revision_image_lockbox_cal,340,455,0000333_03137_d_0000017.jpg
visdrone,visdrone_revision_image_lockbox_cal,341,456,0000333_03333_d_0000018.jpg
visdrone,visdrone_revision_image_lockbox_cal,342,457,0000333_03529_d_0000019.jpg
visdrone,visdrone_revision_image_lockbox_cal,343,458,0000333_03725_d_0000020.jpg
visdrone,visdrone_revision_image_lockbox_cal,344,459,0000335_00001_d_0000043.jpg
visdrone,visdrone_revision_image_lockbox_cal,345,460,0000335_00197_d_0000044.jpg
visdrone,visdrone_revision_image_lockbox_cal,346,462,0000335_00589_d_0000046.jpg
visdrone,visdrone_revision_image_lockbox_cal,347,463,0000335_00785_d_0000047.jpg
visdrone,visdrone_revision_image_lockbox_cal,348,464,0000335_00981_d_0000048.jpg
visdrone,visdrone_revision_image_lockbox_cal,349,465,0000335_01765_d_0000052.jpg
visdrone,visdrone_revision_image_lockbox_cal,350,466,0000335_01961_d_0000053.jpg
visdrone,visdrone_revision_image_lockbox_cal,351,467,0000335_02353_d_0000055.jpg
visdrone,visdrone_revision_image_lockbox_cal,352,468,0000335_02549_d_0000056.jpg
visdrone,visdrone_revision_image_lockbox_cal,353,470,0000335_03137_d_0000059.jpg
visdrone,visdrone_revision_image_lockbox_cal,354,472,0000335_03725_d_0000062.jpg
visdrone,visdrone_revision_image_lockbox_cal,355,473,0000335_03921_d_0000063.jpg
visdrone,visdrone_revision_image_lockbox_cal,356,475,0000335_04313_d_0000065.jpg
visdrone,visdrone_revision_image_lockbox_cal,357,476,0000335_05097_d_0000069.jpg
visdrone,visdrone_revision_image_lockbox_cal,358,477,0000335_05685_d_0000072.jpg
visdrone,visdrone_revision_image_lockbox_cal,359,479,0000335_06665_d_0000077.jpg
visdrone,visdrone_revision_image_lockbox_cal,360,480,0000335_06861_d_0000078.jpg
visdrone,visdrone_revision_image_lockbox_cal,361,481,0000342_00393_d_0000244.jpg
visdrone,visdrone_revision_image_lockbox_cal,362,482,0000345_07057_d_0000345.jpg
visdrone,visdrone_revision_image_lockbox_cal,363,483,0000346_00001_d_0000346.jpg
visdrone,visdrone_revision_image_lockbox_cal,364,485,0000346_02549_d_0000359.jpg
visdrone,visdrone_revision_image_lockbox_cal,365,486,0000346_03921_d_0000366.jpg
visdrone,visdrone_revision_image_lockbox_cal,366,487,0000346_07057_d_0000382.jpg
visdrone,visdrone_revision_image_lockbox_cal,367,488,0000348_00589_d_0000409.jpg
visdrone,visdrone_revision_image_lockbox_cal,368,490,0000356_00589_d_0000632.jpg
visdrone,visdrone_revision_image_lockbox_cal,369,491,0000356_01177_d_0000635.jpg
visdrone,visdrone_revision_image_lockbox_cal,370,493,0000356_01765_d_0000638.jpg
visdrone,visdrone_revision_image_lockbox_cal,371,494,0000356_01961_d_0000639.jpg
visdrone,visdrone_revision_image_lockbox_cal,372,495,0000356_02157_d_0000640.jpg
visdrone,visdrone_revision_image_lockbox_cal,373,496,0000356_02353_d_0000641.jpg
visdrone,visdrone_revision_image_lockbox_cal,374,498,0000356_02941_d_0000644.jpg
visdrone,visdrone_revision_image_lockbox_cal,375,499,0000356_03333_d_0000646.jpg
visdrone,visdrone_revision_image_lockbox_cal,376,500,0000356_03529_d_0000647.jpg
visdrone,visdrone_revision_image_lockbox_cal,377,501,0000356_03725_d_0000648.jpg
visdrone,visdrone_revision_image_lockbox_cal,378,503,0000356_04117_d_0000650.jpg
visdrone,visdrone_revision_image_lockbox_cal,379,504,0000356_04313_d_0000651.jpg
visdrone,visdrone_revision_image_lockbox_cal,380,505,0000356_04705_d_0000653.jpg
visdrone,visdrone_revision_image_lockbox_cal,381,506,0000356_04901_d_0000654.jpg
visdrone,visdrone_revision_image_lockbox_cal,382,508,0000358_03333_d_0000697.jpg
visdrone,visdrone_revision_image_lockbox_cal,383,509,0000359_00393_d_0000701.jpg
visdrone,visdrone_revision_image_lockbox_cal,384,513,0000359_01177_d_0000705.jpg
visdrone,visdrone_revision_image_lockbox_cal,385,514,0000359_01373_d_0000706.jpg
visdrone,visdrone_revision_image_lockbox_cal,386,515,0000359_01961_d_0000707.jpg
visdrone,visdrone_revision_image_lockbox_cal,387,516,0000359_02353_d_0000708.jpg
visdrone,visdrone_revision_image_lockbox_cal,388,517,0000359_02549_d_0000709.jpg
visdrone,visdrone_revision_image_lockbox_cal,389,519,0000359_03529_d_0000712.jpg
visdrone,visdrone_revision_image_lockbox_cal,390,520,0000360_00001_d_0000713.jpg
visdrone,visdrone_revision_image_lockbox_cal,391,521,0000360_00197_d_0000714.jpg
visdrone,visdrone_revision_image_lockbox_cal,392,522,0000360_00393_d_0000715.jpg
visdrone,visdrone_revision_image_lockbox_cal,393,524,0000360_00785_d_0000717.jpg
visdrone,visdrone_revision_image_lockbox_cal,394,525,0000360_00981_d_0000718.jpg
visdrone,visdrone_revision_image_lockbox_cal,395,526,0000360_02353_d_0000725.jpg
visdrone,visdrone_revision_image_lockbox_cal,396,527,0000360_02745_d_0000727.jpg
visdrone,visdrone_revision_image_lockbox_cal,397,528,0000360_02941_d_0000728.jpg
visdrone,visdrone_revision_image_lockbox_cal,398,530,0000360_03333_d_0000730.jpg
visdrone,visdrone_revision_image_lockbox_cal,399,531,0000360_03529_d_0000731.jpg
visdrone,visdrone_revision_image_lockbox_cal,400,532,0000360_03921_d_0000733.jpg
visdrone,visdrone_revision_image_lockbox_cal,401,533,0000360_04117_d_0000734.jpg
visdrone,visdrone_revision_image_lockbox_cal,402,534,0000360_04705_d_0000737.jpg
visdrone,visdrone_revision_image_lockbox_cal,403,536,0000360_05685_d_0000742.jpg
visdrone,visdrone_revision_image_lockbox_cal,404,537,0000360_06273_d_0000745.jpg
visdrone,visdrone_revision_image_lockbox_cal,405,538,0000360_06665_d_0000747.jpg
visdrone,visdrone_revision_image_lockbox_cal,406,539,0000360_06861_d_0000748.jpg
visdrone,visdrone_revision_image_lockbox_cal,407,540,0000360_07057_d_0000749.jpg
visdrone,visdrone_revision_image_lockbox_cal,408,542,0000360_07645_d_0000752.jpg
visdrone,visdrone_revision_image_lockbox_cal,409,544,0000364_01177_d_0000799.jpg
visdrone,visdrone_revision_image_lockbox_cal,410,545,0000364_01373_d_0000780.jpg
visdrone,visdrone_revision_image_lockbox_cal,411,546,0000364_01569_d_0000781.jpg
visdrone,visdrone_revision_image_lockbox_cal,412,547,0000364_01765_d_0000782.jpg
